name,type,price,link
Adult Female Garden Phase Amazon,Tree Boa,$79,/us/c/reptiles/boas/tree-boas/1296094
USCCB Bicolor Tiger,Tree Boa,$400,/us/c/reptiles/boas/tree-boas/1316006
Yellow,Anaconda,$600,/us/c/reptiles/boas/anacondas/1263743
Yellow,Anaconda,$700,/us/c/reptiles/boas/anacondas/1263736
Green,Anaconda,"$1,700",/us/c/reptiles/boas/anacondas/1202882
Het Calico Uscbb Amazon,Tree Boa,"$1,500",/us/c/reptiles/boas/tree-boas/1339825
Uscbb Calico Amazon,Tree Boa,"$1,200",/us/c/reptiles/boas/tree-boas/1380861
Uscbb Amazon .,Tree Boa,"$1,400",/us/c/reptiles/boas/tree-boas/1380788
Visual Calico Halloween Phase Amazon,Tree Boa,"$4,000",/us/c/reptiles/boas/tree-boas/1339436
Dumerils Boa,Other Boa,$600,/us/c/reptiles/boas/more-boas/1426959
Dumerils Boa,Other Boa,$600,/us/c/reptiles/boas/more-boas/1426955
Dumerils Boa,Other Boa,$600,/us/c/reptiles/boas/more-boas/1426953
Dumerils Boa,Other Boa,$600,/us/c/reptiles/boas/more-boas/1426947
Dumerils Boa,Other Boa,$600,/us/c/reptiles/boas/more-boas/1426945
Dumerils Boa,Other Boa,$600,/us/c/reptiles/boas/more-boas/1426940
Dumerils Boa,Other Boa,$600,/us/c/reptiles/boas/more-boas/1426937
Dumerils Boa,Other Boa,$600,/us/c/reptiles/boas/more-boas/1426908
Green,Anaconda,"$5,000",/us/c/reptiles/boas/anacondas/1426309
Dumerils Boa,Other Boa,$600,/us/c/reptiles/boas/more-boas/1425913
Solomon Island,Ground Boa,$60,/us/c/reptiles/boas/ground-boas/871053
Red Phase Solomon Island,Tree Boa,$200,/us/c/reptiles/boas/tree-boas/1137163
Emerald,Tree Boa,$350,/us/c/reptiles/boas/tree-boas/1306904
FREE SHIPPING CBB Yellow,Anaconda,$775,/us/c/reptiles/boas/anacondas/763460
Viper Boa,Ground Boa,$400,/us/c/reptiles/boas/ground-boas/1078558
Viper Boa,Ground Boa,$450,/us/c/reptiles/boas/ground-boas/1078549
Well Established Northern Emerald,Tree Boa,"$1,100",/us/c/reptiles/boas/tree-boas/1325424
Well Established Northern Emerald,Tree Boa,"$1,250",/us/c/reptiles/boas/tree-boas/1325418
Well-Established Northern Emerald,Tree Boa,"$1,450",/us/c/reptiles/boas/tree-boas/1325415
Well-Established Northern Emerald,Tree Boa,"$1,350",/us/c/reptiles/boas/tree-boas/1325411
Well Established Northern Emerald,Tree Boa,"$1,850",/us/c/reptiles/boas/tree-boas/1325408
Well-Established Northern Emerald,Tree Boa,"$1,300",/us/c/reptiles/boas/tree-boas/1325405
Well-Established Northern Emerald,Tree Boa,"$1,450",/us/c/reptiles/boas/tree-boas/1325398
Dome Rock Mountains,Rosy Boa,$160,/us/c/reptiles/boas/rosy-boas/1289315
Harcuvar Mountain,Rosy Boa,$160,/us/c/reptiles/boas/rosy-boas/1289309
Dumeril's Boa,Ground Boa,$800,/us/c/reptiles/boas/ground-boas/1286853
Dumeril's Boa,Ground Boa,$800,/us/c/reptiles/boas/ground-boas/1286847
Dumeril's Boa,Ground Boa,$700,/us/c/reptiles/boas/ground-boas/1286837
Dumeril's Boa,Ground Boa,$700,/us/c/reptiles/boas/ground-boas/1286830
Dumeril's Boa,Ground Boa,$700,/us/c/reptiles/boas/ground-boas/1286826
Dumeril's Boa,Ground Boa,$700,/us/c/reptiles/boas/ground-boas/1286822
Dumeril's Boa,Ground Boa,$700,/us/c/reptiles/boas/ground-boas/1286814
Calabar Python,Ground Boa,$100,/us/c/reptiles/boas/ground-boas/1026414
Dumerils Boas,Ground Boa,$850,/us/c/reptiles/boas/ground-boas/1216634
Isabella,Rosy Boa,$350,/us/c/reptiles/boas/rosy-boas/1350694
Isabella,Rosy Boa,$350,/us/c/reptiles/boas/rosy-boas/1350481
Isabella,Rosy Boa,$350,/us/c/reptiles/boas/rosy-boas/1350356
CB Bi-Color ATB,Tree Boa,$200,/us/c/reptiles/boas/tree-boas/1154447
Dumrils,Ground Boa,"$2,000",/us/c/reptiles/boas/ground-boas/1073760
Solomon Island,Ground Boa,$350,/us/c/reptiles/boas/ground-boas/1258213
Solomon Island Ground Boa,Other Boa,$185,/us/c/reptiles/boas/more-boas/1425229
Carrizo,Rosy Boa,$200,/us/c/reptiles/boas/rosy-boas/1425185
Carrizo,Rosy Boa,$200,/us/c/reptiles/boas/rosy-boas/1425181
USCBB ATB Bicolor,Tree Boa,$450,/us/c/reptiles/boas/tree-boas/1424563
Indonesian,Tree Boa,$300,/us/c/reptiles/boas/tree-boas/1074281
CBB IMG Amazon Basin Emerald - Likely Male - 1816 - 3,Tree Boa,"$8,500",/us/c/reptiles/boas/tree-boas/790885
CBB Amazon Basin Emerlad,Tree Boa,"$4,500",/us/c/reptiles/boas/tree-boas/790879
CBB Amazon Basin Emerald - MALE,Tree Boa,"$4,500",/us/c/reptiles/boas/tree-boas/707118
CBB IMG Amazon Basin Emerald - Likely Female- AMAZING!!,Tree Boa,"$7,500",/us/c/reptiles/boas/tree-boas/707109
CBB IMG Amazon Basin Emerald - Likely Female- WOW,Tree Boa,"$7,500",/us/c/reptiles/boas/tree-boas/707108
CBB IMG Amazon Basin Emerald - Likely Female- SMOKING!,Tree Boa,"$7,000",/us/c/reptiles/boas/tree-boas/707103
"""Crosses"" Amazon Basin Emerald",Tree Boa,"$12,000",/us/c/reptiles/boas/tree-boas/707089
"""Icicle Pattern"" Amazon Basin Emerald",Tree Boa,"$10,000",/us/c/reptiles/boas/tree-boas/707072
CBB Amazon Basin Emerald - Likely Male,Tree Boa,"$5,500",/us/c/reptiles/boas/tree-boas/707056
"Barbed Wire"" Amazon Basin Emerald",Tree Boa,"$8,000",/us/c/reptiles/boas/tree-boas/707049
Amazon Basin Emerald Probable Male,Tree Boa,"$5,000",/us/c/reptiles/boas/tree-boas/707044
Barbed Wire Amazon Basin Emerald,Tree Boa,"$9,000",/us/c/reptiles/boas/tree-boas/707039
Holdback Viper Boas,Ground Boa,$500,/us/c/reptiles/boas/ground-boas/919188
Yellow Tiger Amazon,Tree Boa,C$750,/ca/c/reptiles/boas/tree-boas/1364222
Peruvian Boa Constrictor,Other Boa,$750,/us/c/reptiles/boas/more-boas/1177182
Peruvian Boa Constrictor,Other Boa,$750,/us/c/reptiles/boas/more-boas/1177177
Peruvian Boa Constrictor,Other Boa,$850,/us/c/reptiles/boas/more-boas/1177175
Peruvian Boa Constrictor,Other Boa,$850,/us/c/reptiles/boas/more-boas/1177169
Carlson Snow,Rosy Boa,$400,/us/c/reptiles/boas/rosy-boas/1423276
Baby Emerald,Tree Boa,$800,/us/c/reptiles/boas/tree-boas/1422783
Yellow,Anaconda,$700,/us/c/reptiles/boas/anacondas/1017475
Tri Color Amazon,Tree Boa,$315,/us/c/reptiles/boas/tree-boas/1072517
FREE SHIPPING CBB Yellow,Anaconda,$775,/us/c/reptiles/boas/anacondas/763439
Baby RED Amazon,Tree Boa,$400,/us/c/reptiles/boas/tree-boas/1386889
Baby RED Amazon,Tree Boa,$350,/us/c/reptiles/boas/tree-boas/1386729
Colored Amazon Baby,Tree Boa,$200,/us/c/reptiles/boas/tree-boas/1386726
Dominican Red Mountain Boa,Hispaniolan boa,$650,/us/c/reptiles/boas/hispaniolan-boa/1422314
Green,Anaconda,"$2,000",/us/c/reptiles/boas/anacondas/1422261
Dumerils Trio,Other Boa,"$1,500",/us/c/reptiles/boas/more-boas/1421943
*Price Drop* 1.1 Dumeril's Boas,Ground Boa,"$1,000",/us/c/reptiles/boas/ground-boas/1253314
Halmahera,Ground Boa,$150,/us/c/reptiles/boas/ground-boas/1420970
Green,Anaconda,$950,/us/c/reptiles/boas/anacondas/1380767
Green,Anaconda,$950,/us/c/reptiles/boas/anacondas/1380725
Amazon Basin Emerald,Tree Boa,"$5,950",/us/c/reptiles/boas/tree-boas/911259
Proven Adult Fords Boa,Other Boa,"$1,750",/us/c/reptiles/boas/more-boas/1419680
50% Hog Island Het Hypo Boa,Other Boa,$250,/us/c/reptiles/boas/more-boas/1135621
50% Hog Island Hypo Boa,Other Boa,$300,/us/c/reptiles/boas/more-boas/1135629
CBB Amazon Basin-Stunning White Stripe,Tree Boa,"$6,250",/us/c/reptiles/boas/tree-boas/883896
CBB Amazon Basin Likely Female,Tree Boa,"$6,000",/us/c/reptiles/boas/tree-boas/883890
Solomon Island - Red,Ground Boa,$550,/us/c/reptiles/boas/ground-boas/976142
Amazon Adult,Tree Boa,$50,/us/c/reptiles/boas/tree-boas/1073907
Colored Amazon Adult,Tree Boa,$200,/us/c/reptiles/boas/tree-boas/1026930
Emerald,Tree Boa,$325,/us/c/reptiles/boas/tree-boas/1353707
Red Yellow Amazon,Tree Boa,$250,/us/c/reptiles/boas/tree-boas/1330260
Calabar Burrowing Python,Ground Boa,$200,/us/c/reptiles/boas/ground-boas/1418336
Calabar Burrowing Python,Ground Boa,$200,/us/c/reptiles/boas/ground-boas/1418333
Calabar Burrowing Python,Ground Boa,$200,/us/c/reptiles/boas/ground-boas/1418326
Calabar Burrowing Python,Ground Boa,$200,/us/c/reptiles/boas/ground-boas/1418324
Calabar Burrowing Python,Ground Boa,$200,/us/c/reptiles/boas/ground-boas/1418321
Calabar Burrowing Python,Ground Boa,$200,/us/c/reptiles/boas/ground-boas/1418316
Out Of Calico DMRBs SALE!!!,Other Boa,$575,/us/c/reptiles/boas/more-boas/1418255
Solomon Island,Tree Boa,$80,/us/c/reptiles/boas/tree-boas/1011831
Amazon,Tree Boa,$100,/us/c/reptiles/boas/tree-boas/1382688
Orange And Yellow Banded Amazon,Tree Boa,$275,/us/c/reptiles/boas/tree-boas/1352883
0.1 Proven Het Snow,Rosy Boa,$500,/us/c/reptiles/boas/rosy-boas/810897
Calico Amazon,Tree Boa,"$1,000",/us/c/reptiles/boas/tree-boas/1274058
Calico Amazon,Tree Boa,"$2,000",/us/c/reptiles/boas/tree-boas/1371331
Albino Coastal,Rosy Boa,$300,/us/c/reptiles/boas/rosy-boas/1417167
C.B.B Emerald,Tree Boa,"$1,200",/us/c/reptiles/boas/tree-boas/1417076
Uscbb Amazon,Tree Boa,"$1,500",/us/c/reptiles/boas/tree-boas/1255396
Uscbb Het Calico Bicolor Amazon,Tree Boa,$800,/us/c/reptiles/boas/tree-boas/1056755
2021 Uscbb Amazon,Tree Boa,"$1,500",/us/c/reptiles/boas/tree-boas/1203666
2021 Uscbb Amazon,Tree Boa,"$1,400",/us/c/reptiles/boas/tree-boas/1203683
US CBB Amazon,Tree Boa,$400,/us/c/reptiles/boas/tree-boas/1415960
Indonesian,Tree Boa,$80,/us/c/reptiles/boas/tree-boas/1244036
Indonesian,Tree Boa,$60,/us/c/reptiles/boas/tree-boas/1244028
Dumerils Boas (8 Month Olds),Other Boa,$500,/us/c/reptiles/boas/more-boas/1058959
LTC Amazon,Tree Boa,$300,/us/c/reptiles/boas/tree-boas/1126825
Payment Plans Ok..Beautiful Green,Anaconda,"$1,500",/us/c/reptiles/boas/anacondas/1168984
Green,Anaconda,"$1,500",/us/c/reptiles/boas/anacondas/1168964
Red/Orange/Green Amazon Unsexed ~3.5ft,Tree Boa,$335,/us/c/reptiles/boas/tree-boas/925308
USCBB Solomon Island 30WL,Ground Boa,$150,/us/c/reptiles/boas/ground-boas/1059203
Viper Boa,Ground Boa,$475,/us/c/reptiles/boas/ground-boas/1272763
Viper Boa,Ground Boa,$475,/us/c/reptiles/boas/ground-boas/1272761
Yellow !,Anaconda,$800,/us/c/reptiles/boas/anacondas/1298580
San Matias,Rosy Boa,$250,/us/c/reptiles/boas/rosy-boas/1296920
San Felipe,Rosy Boa,$250,/us/c/reptiles/boas/rosy-boas/1296899
San Matias,Rosy Boa,$250,/us/c/reptiles/boas/rosy-boas/1296875
El Rosario,Rosy Boa,$250,/us/c/reptiles/boas/rosy-boas/1296656
San Matias,Rosy Boa,$250,/us/c/reptiles/boas/rosy-boas/1296632
Solomon Island,Ground Boa,$100,/us/c/reptiles/boas/ground-boas/1338529
Dumeril's Boa,Ground Boa,$625,/us/c/reptiles/boas/ground-boas/1109636
Colored Amazon,Tree Boa,$300,/us/c/reptiles/boas/tree-boas/1110007
Orange Bicolour Amazon,Tree Boa,C$450,/ca/c/reptiles/boas/tree-boas/1364224
Acton CA Locale,Rosy Boa,$350,/us/c/reptiles/boas/rosy-boas/1413728
Acton CA Locale,Rosy Boa,$350,/us/c/reptiles/boas/rosy-boas/1413717
Dumeril,Ground Boa,$400,/us/c/reptiles/boas/ground-boas/1412867
Dumeril,Ground Boa,$400,/us/c/reptiles/boas/ground-boas/1412868
Dumeril Boa Beautiful Female,Other Boa,$750,/us/c/reptiles/boas/more-boas/1412657
Dumeril Boa Beautiful Male,Other Boa,$600,/us/c/reptiles/boas/more-boas/1412648
Female Subadult Coastal Het Albino,Rosy Boa,$150,/us/c/reptiles/boas/rosy-boas/1412258
Female Subadult Bay Of La,Rosy Boa,$125,/us/c/reptiles/boas/rosy-boas/1412255
Female Adult Coastal Het Snow,Rosy Boa,$200,/us/c/reptiles/boas/rosy-boas/1412251
San Matias,Rosy Boa,$225,/us/c/reptiles/boas/rosy-boas/1215730
Hypo San Matias,Rosy Boa,$325,/us/c/reptiles/boas/rosy-boas/1215708
Triv Possibly Het Albino,Rosy Boa,$180,/us/c/reptiles/boas/rosy-boas/1322785
Triv Possibly Het Albino,Rosy Boa,$180,/us/c/reptiles/boas/rosy-boas/1322779
1.1 Pink Dumeril's Boas,Ground Boa,"$1,300",/us/c/reptiles/boas/ground-boas/1309622
Solomon Island USCBB 49RL,Ground Boa,$110,/us/c/reptiles/boas/ground-boas/1239284
CBB Amazon Basin Emerald,Tree Boa,"$4,750",/us/c/reptiles/boas/tree-boas/1055269
CBB Amazon Basin,Tree Boa,"$4,600",/us/c/reptiles/boas/tree-boas/1055266
CBB Amazon Basin Emerald,Tree Boa,"$4,750",/us/c/reptiles/boas/tree-boas/1055255
Long Term Captive Northern Emerald,Tree Boa,"$1,000",/us/c/reptiles/boas/tree-boas/1055250
CBB Amazon Basin Emerald,Tree Boa,"$4,750",/us/c/reptiles/boas/tree-boas/1055247
CBB Amazon Basin Emerald,Tree Boa,"$4,750",/us/c/reptiles/boas/tree-boas/1055237
CBB Amazon Basin Emerald,Tree Boa,"$4,250",/us/c/reptiles/boas/tree-boas/1055234
CBB Amazon Basin Emerald,Tree Boa,"$4,500",/us/c/reptiles/boas/tree-boas/1055229
CBB Amazon Basin Emerald,Tree Boa,"$6,500",/us/c/reptiles/boas/tree-boas/1055227
2022 Baby Dumeril's Boa,Ground Boa,$725,/us/c/reptiles/boas/ground-boas/1056310
2022 Baby Dumeril's Boa,Ground Boa,$725,/us/c/reptiles/boas/ground-boas/1056307
2022 Baby Dumeril's Boa,Ground Boa,$700,/us/c/reptiles/boas/ground-boas/1056306
2022 Baby Dumeril's Boa,Ground Boa,$700,/us/c/reptiles/boas/ground-boas/1056305
Hualapai,Rosy Boa,$200,/us/c/reptiles/boas/rosy-boas/1266257
Hualapai,Rosy Boa,$225,/us/c/reptiles/boas/rosy-boas/1266223
Garden Phase Amazon,Tree Boa,$250,/us/c/reptiles/boas/tree-boas/1104801
Dumeril's Boa,Other Boa,"$1,800",/us/c/reptiles/boas/more-boas/1197231
Dumeril's Boa,Other Boa,$400,/us/c/reptiles/boas/more-boas/1197200
Indonesian,Tree Boa,$200,/us/c/reptiles/boas/tree-boas/1411258
Orange Tiger Amazon,Tree Boa,C$750,/ca/c/reptiles/boas/tree-boas/1411197
Dumrils Boa,Ground Boa,$600,/us/c/reptiles/boas/ground-boas/1410541
Dumrils Boa,Ground Boa,$600,/us/c/reptiles/boas/ground-boas/1410538
CBB Green,Anaconda,"$1,500",/us/c/reptiles/boas/anacondas/1345264
AZ,Rosy Boa,$250,/us/c/reptiles/boas/rosy-boas/1369904
AZ Local,Rosy Boa,$250,/us/c/reptiles/boas/rosy-boas/1369900
Mulege,Rosy Boa,$350,/us/c/reptiles/boas/rosy-boas/1409893
Ghost San Felipe,Rosy Boa,$450,/us/c/reptiles/boas/rosy-boas/1409891
Dumerils Boa,Ground Boa,$800,/us/c/reptiles/boas/ground-boas/1246596
Green,Anaconda,"$1,600",/us/c/reptiles/boas/anacondas/1409398
Calabar Burrowing Python,Ground Boa,$150,/us/c/reptiles/boas/ground-boas/1321258
Female Bay Of La,Rosy Boa,$200,/us/c/reptiles/boas/rosy-boas/1172433
Captive Born Solomon Island Boa Baby,Ground Boa,$145,/us/c/reptiles/boas/ground-boas/601184
Dominican Red Mountain Boa,Hispaniolan boa,"$1,200",/us/c/reptiles/boas/hispaniolan-boa/1407288
Dumerils Boa,Ground Boa,$600,/us/c/reptiles/boas/ground-boas/1044843
Ajo 50% Het Albino (Great Opportunity),Rosy Boa,$500,/us/c/reptiles/boas/rosy-boas/1370780
22' CBB Green,Anaconda,"$1,500",/us/c/reptiles/boas/anacondas/1371153
22' CBB Green Stunning,Anaconda,"$1,500",/us/c/reptiles/boas/anacondas/1371146
22' CBB Green,Anaconda,"$1,500",/us/c/reptiles/boas/anacondas/1371102
22' CBB Green Beautiful Female,Anaconda,"$1,500",/us/c/reptiles/boas/anacondas/1371082
22' CBB Green Female,Anaconda,"$1,500",/us/c/reptiles/boas/anacondas/1371064
22' CBB Green,Anaconda,"$1,500",/us/c/reptiles/boas/anacondas/1371051
22' CBB Green,Anaconda,"$1,500",/us/c/reptiles/boas/anacondas/1371040
Solomon Island,Ground Boa,$150,/us/c/reptiles/boas/ground-boas/1044558
Dumeril's Boa,Ground Boa,"$1,000",/us/c/reptiles/boas/ground-boas/1161643
Calico Tiger Amazon,Tree Boa,"$1,800",/us/c/reptiles/boas/tree-boas/1406632
Calico Tiger Amazon,Tree Boa,"$1,800",/us/c/reptiles/boas/tree-boas/1406626
Calico Amazon,Tree Boa,"$1,200",/us/c/reptiles/boas/tree-boas/1406617
Calico Tiger Amazon,Tree Boa,"$2,000",/us/c/reptiles/boas/tree-boas/1406610
Emerald,Tree Boa,$499,/us/c/reptiles/boas/tree-boas/1406249
CBB Halloween Phase Amazon,Tree Boa,$250,/us/c/reptiles/boas/tree-boas/1319533
Colored Red Amazon,Tree Boa,$300,/us/c/reptiles/boas/tree-boas/1365486
Colored Red Amazon,Tree Boa,$300,/us/c/reptiles/boas/tree-boas/1365482
Bay Of LA,Rosy Boa,$180,/us/c/reptiles/boas/rosy-boas/1360369
Granite Yellow,Anaconda,"$3,000",/us/c/reptiles/boas/anacondas/696314
Adult Amazon,Tree Boa,$300,/us/c/reptiles/boas/tree-boas/1403857
Rare Emerald Amazon Hybrid,Tree Boa,"$3,375",/us/c/reptiles/boas/tree-boas/1359152
Green #5,Anaconda,"$1,600",/us/c/reptiles/boas/anacondas/824698
Well Established 2021 Solomon Island,Ground Boa,$250,/us/c/reptiles/boas/ground-boas/1094345
Well Established 2021 Solomon Island,Ground Boa,$190,/us/c/reptiles/boas/ground-boas/1094341
Well Established Isabel Island - Candoia Paulsoni,Ground Boa,$475,/us/c/reptiles/boas/ground-boas/1094319
Well Established Isabel Island - Candoia Paulsoni,Ground Boa,$475,/us/c/reptiles/boas/ground-boas/1094317
Well Established Solomon Island,Ground Boa,$275,/us/c/reptiles/boas/ground-boas/1094312
Established Indo,Tree Boa,$100,/us/c/reptiles/boas/tree-boas/1339005
Established Indo,Tree Boa,$125,/us/c/reptiles/boas/tree-boas/1338992
Established Indo,Tree Boa,$125,/us/c/reptiles/boas/tree-boas/1338970
Established Striped Indo,Tree Boa,$250,/us/c/reptiles/boas/tree-boas/1338938
Hypo Amazon,Tree Boa,$350,/us/c/reptiles/boas/tree-boas/1401847
Amazon,Tree Boa,$350,/us/c/reptiles/boas/tree-boas/1401830
Calico Red ETB,Tree Boa,"$1,200",/us/c/reptiles/boas/tree-boas/1401598
Guyana Redtail Boa Gorgeous,Other Boa,$425,/us/c/reptiles/boas/more-boas/1310570
San Matias,Rosy Boa,$225,/us/c/reptiles/boas/rosy-boas/1108082
Uscbb Calico Amazon,Tree Boa,$900,/us/c/reptiles/boas/tree-boas/1400527
Emerald,Tree Boa,$450,/us/c/reptiles/boas/tree-boas/1400278
Emerald,Tree Boa,$450,/us/c/reptiles/boas/tree-boas/1400233
Emerald,Tree Boa,$400,/us/c/reptiles/boas/tree-boas/1400225
LTC Red Multicolored Amazon ~4FT Probable Male,Tree Boa,$400,/us/c/reptiles/boas/tree-boas/1326042
LTC Yellow And Orange Speckled Amazon ~4ft,Tree Boa,$350,/us/c/reptiles/boas/tree-boas/1326030
Captive Bred Northern Emerald,Tree Boa,"$1,200",/us/c/reptiles/boas/tree-boas/1365563
Captive Bred Northern Emerald,Tree Boa,"$1,100",/us/c/reptiles/boas/tree-boas/1365558
Captive Bred Northern Emerald,Tree Boa,"$1,050",/us/c/reptiles/boas/tree-boas/1365556
Captive Bred Northern Emerald,Tree Boa,"$1,300",/us/c/reptiles/boas/tree-boas/1365554
Captive Bred Northern Emerald,Tree Boa,"$1,000",/us/c/reptiles/boas/tree-boas/1365552
Captive Bred Northern Emerald,Tree Boa,"$1,100",/us/c/reptiles/boas/tree-boas/1365546
Captive Bred Northern Emerald,Tree Boa,"$1,100",/us/c/reptiles/boas/tree-boas/1365540
Captive Bred Northern Emerald,Tree Boa,"$1,100",/us/c/reptiles/boas/tree-boas/1365536
Captive Bred Northern Emerald,Tree Boa,"$1,100",/us/c/reptiles/boas/tree-boas/1365532
Captive Bred Northern Emerald,Tree Boa,"$1,100",/us/c/reptiles/boas/tree-boas/1365529
Captive Bred Northern Emerald,Tree Boa,"$1,100",/us/c/reptiles/boas/tree-boas/1365524
Captive Bred Northern Emerald,Tree Boa,"$1,000",/us/c/reptiles/boas/tree-boas/1365520
Orange Amazon,Tree Boa,$125,/us/c/reptiles/boas/tree-boas/1278313
2021 Female Dumeril's Boa,Ground Boa,$675,/us/c/reptiles/boas/ground-boas/1158752
2021 Male Dumeril's Boa,Ground Boa,$650,/us/c/reptiles/boas/ground-boas/1158751
Male Adult Het Snow Limburg / Coastal,Rosy Boa,$200,/us/c/reptiles/boas/rosy-boas/1399226
Female Adult Het Snow Limburg / Coastal,Rosy Boa,$200,/us/c/reptiles/boas/rosy-boas/1399223
Male Adult Coastal,Rosy Boa,$175,/us/c/reptiles/boas/rosy-boas/1399220
Solomon Island Starter Pack,Tree Boa,$175,/us/c/reptiles/boas/tree-boas/1275722
Proven PAIR Of USCBB Solomon Island Boas,Other Boa,$800,/us/c/reptiles/boas/more-boas/1177667
LTC Red Solomon Island Boa,Other Boa,$450,/us/c/reptiles/boas/more-boas/1177592
Cross,Rosy Boa,$300,/us/c/reptiles/boas/rosy-boas/1395212
Borrego,Rosy Boa,$350,/us/c/reptiles/boas/rosy-boas/1395205
Cross,Rosy Boa,$300,/us/c/reptiles/boas/rosy-boas/1395202
Cross,Rosy Boa,$300,/us/c/reptiles/boas/rosy-boas/1395199
Black Mountain,Rosy Boa,$350,/us/c/reptiles/boas/rosy-boas/1395198
Black Mountain,Rosy Boa,$350,/us/c/reptiles/boas/rosy-boas/1395193
Plamosa Mountain,Rosy Boa,$300,/us/c/reptiles/boas/rosy-boas/1395173
Plamosa,Rosy Boa,$300,/us/c/reptiles/boas/rosy-boas/1395152
Amazon From Calico Litter,Tree Boa,$250,/us/c/reptiles/boas/tree-boas/1394720
Amazon From Calico Litter,Tree Boa,$250,/us/c/reptiles/boas/tree-boas/1394714
Hualapi,Rosy Boa,$200,/us/c/reptiles/boas/rosy-boas/865137
Anery Magdalena,Rosy Boa,$325,/us/c/reptiles/boas/rosy-boas/484415
Patternless Yellow Male!,Anaconda,"$2,500",/us/c/reptiles/boas/anacondas/851195
Patternless Yellow Female!,Anaconda,"$3,500",/us/c/reptiles/boas/anacondas/851185
Dumerils Boa,Ground Boa,$800,/us/c/reptiles/boas/ground-boas/1090532
Dumerils Boa,Ground Boa,$800,/us/c/reptiles/boas/ground-boas/1090527
CB Amazon,Tree Boa,$200,/us/c/reptiles/boas/tree-boas/1300671
CB Amazon,Tree Boa,$400,/us/c/reptiles/boas/tree-boas/1300478
El Rosario,Rosy Boa,$250,/us/c/reptiles/boas/rosy-boas/1317767
San Matias,Rosy Boa,$250,/us/c/reptiles/boas/rosy-boas/1317746
San Felipe,Rosy Boa,$250,/us/c/reptiles/boas/rosy-boas/1317718
San Matias,Rosy Boa,$250,/us/c/reptiles/boas/rosy-boas/1317701
Amazon,Tree Boa,$125,/us/c/reptiles/boas/tree-boas/1292040
Amazon,Tree Boa,$125,/us/c/reptiles/boas/tree-boas/1292033
Yellow Tiger Amazon,Tree Boa,C$650,/ca/c/reptiles/boas/tree-boas/862099
Orange Tiger Amazon,Tree Boa,C$850,/ca/c/reptiles/boas/tree-boas/1170163
Tiger Amazon,Tree Boa,C$750,/ca/c/reptiles/boas/tree-boas/874470
Viper Boas,Other Boa,$200,/us/c/reptiles/boas/more-boas/1361882
Calico Tiger Amazon,Tree Boa,"$3,200",/us/c/reptiles/boas/tree-boas/1244727
Color Tiger,Tree Boa,$175,/us/c/reptiles/boas/tree-boas/945918
CBB Northern Emerald - A++,Tree Boa,"$1,300",/us/c/reptiles/boas/tree-boas/1393340
CBB Amazon,Tree Boa,$300,/us/c/reptiles/boas/tree-boas/1393286
CBB Amazon - Nearly Patternless,Tree Boa,$400,/us/c/reptiles/boas/tree-boas/1393283
CBB Amazon,Tree Boa,$235,/us/c/reptiles/boas/tree-boas/1393279
Candy Cane Amazon,Tree Boa,$500,/us/c/reptiles/boas/tree-boas/1393276
CBB Amazon Basin Emerald,Tree Boa,"$6,000",/us/c/reptiles/boas/tree-boas/1393227
CBB Amazon Basin Emerald,Tree Boa,"$6,200",/us/c/reptiles/boas/tree-boas/1393216
Male Dumerils Boa,Other Boa,$450,/us/c/reptiles/boas/more-boas/1392552
Isabella,Rosy Boa,$350,/us/c/reptiles/boas/rosy-boas/1357027
Isabella,Rosy Boa,$350,/us/c/reptiles/boas/rosy-boas/1356703
El Rosario,Rosy Boa,$250,/us/c/reptiles/boas/rosy-boas/1316080
San Matias,Rosy Boa,$250,/us/c/reptiles/boas/rosy-boas/1316039
San Matias,Rosy Boa,$250,/us/c/reptiles/boas/rosy-boas/1315705
El Rosario,Rosy Boa,$250,/us/c/reptiles/boas/rosy-boas/1315689
Pair Of Dumerils Boas,Other Boa,"$1,900",/us/c/reptiles/boas/more-boas/1148456
Christmas Amazon - CB,Tree Boa,$500,/us/c/reptiles/boas/tree-boas/1355181
CB Amazon,Tree Boa,$200,/us/c/reptiles/boas/tree-boas/1300648
CB Amazon,Tree Boa,$200,/us/c/reptiles/boas/tree-boas/1300644
CB Amazon,Tree Boa,$200,/us/c/reptiles/boas/tree-boas/1300635
Burgundy Amazon,Tree Boa,"$1,500",/us/c/reptiles/boas/tree-boas/1388538
Red Tiger Calico Amazon,Tree Boa,"$1,500",/us/c/reptiles/boas/tree-boas/917623
"Uscbb ""pixelated” Calico Amazon",Tree Boa,"$1,800",/us/c/reptiles/boas/tree-boas/1081961
Annulated 1.1,Tree Boa,"$4,000",/us/c/reptiles/boas/tree-boas/1344322
Uscbb Garden Tiger Amazon,Tree Boa,$750,/us/c/reptiles/boas/tree-boas/1344064
Baby Solomon Island,Ground Boa,$135,/us/c/reptiles/boas/ground-boas/1384875
Viper Boa,Ground Boa,$275,/us/c/reptiles/boas/ground-boas/1384861
Viper Boa,Ground Boa,$275,/us/c/reptiles/boas/ground-boas/1384860
Monostripe Albino,Rosy Boa,$450,/us/c/reptiles/boas/rosy-boas/1384521
Monostripe Albino,Rosy Boa,$450,/us/c/reptiles/boas/rosy-boas/1384509
Monostripe Albino,Rosy Boa,$450,/us/c/reptiles/boas/rosy-boas/1384497
Monostripe Albino,Rosy Boa,$450,/us/c/reptiles/boas/rosy-boas/1384487
Viper Boa,Ground Boa,$200,/us/c/reptiles/boas/ground-boas/1384204
USCBB Yellow/Orange Amazon,Tree Boa,$450,/us/c/reptiles/boas/tree-boas/1279523
Dumerils Boas,Ground Boa,$850,/us/c/reptiles/boas/ground-boas/1081628
Solomon Island,Ground Boa,$120,/us/c/reptiles/boas/ground-boas/1380083
Viper Boa,Ground Boa,$350,/us/c/reptiles/boas/ground-boas/1380032
Bay Of LA,Rosy Boa,$175,/us/c/reptiles/boas/rosy-boas/1300833
Dumeril’s Boa,Ground Boa,$550,/us/c/reptiles/boas/ground-boas/1377905
CB Amazon - Colored Phase,Tree Boa,$250,/us/c/reptiles/boas/tree-boas/1364430
Adult Female Isabel Island - Candoia Paulsoni $150,Ground Boa,$150,/us/c/reptiles/boas/ground-boas/1275717
Emerald Suriname Wild Caught,Tree Boa,$298,/us/c/reptiles/boas/tree-boas/1359831
Dumerils Boa,Ground Boa,$600,/us/c/reptiles/boas/ground-boas/1038018
Dumerils Boa,Ground Boa,$600,/us/c/reptiles/boas/ground-boas/1035912
Yellow,Anaconda,$650,/us/c/reptiles/boas/anacondas/1034665
Solomon Island - Candoia Paulsoni,Ground Boa,$199,/us/c/reptiles/boas/ground-boas/1138597
Solomon Island - Candoia Paulsoni,Ground Boa,$175,/us/c/reptiles/boas/ground-boas/1138519
Amazon,Tree Boa,$400,/us/c/reptiles/boas/tree-boas/650784
Amazon,Tree Boa,$250,/us/c/reptiles/boas/tree-boas/739349
"Dominican Red Mountain Boa, Striatus, C.b. 2022",Hispaniolan boa,$575,/us/c/reptiles/boas/hispaniolan-boa/1345328
Limburg Albino,Rosy Boa,$350,/us/c/reptiles/boas/rosy-boas/1149416
Limburg Albino,Rosy Boa,$350,/us/c/reptiles/boas/rosy-boas/1149409
CBB Amazon,Tree Boa,C$350,/ca/c/reptiles/boas/tree-boas/1341907
Yellow/green Hybrid Pair,Anaconda,"$2,500",/us/c/reptiles/boas/anacondas/1336364
Central Motley Boa,Other Boa,$300,/us/c/reptiles/boas/more-boas/1332624
Red Tail Boa,Other Boa,$300,/us/c/reptiles/boas/more-boas/1318462
Morongo Valley,Rosy Boa,$275,/us/c/reptiles/boas/rosy-boas/1330557
Phoenix Area,Rosy Boa,$240,/us/c/reptiles/boas/rosy-boas/833730
Amazon,Tree Boa,$199,/us/c/reptiles/boas/tree-boas/1318779
CB 2022 Amazon,Tree Boa,$250,/us/c/reptiles/boas/tree-boas/1252408
CB 2022 Amazon,Tree Boa,$200,/us/c/reptiles/boas/tree-boas/1252384
CB 2022 Amazon,Tree Boa,$200,/us/c/reptiles/boas/tree-boas/1252329
Green Babies,Anaconda,"$1,150",/us/c/reptiles/boas/anacondas/1313234
CB Tiger Amazon,Tree Boa,$400,/us/c/reptiles/boas/tree-boas/928998
CB Tiger Amazon,Tree Boa,$400,/us/c/reptiles/boas/tree-boas/928947
2018 Dumerils Boa,Ground Boa,C$600,/ca/c/reptiles/boas/ground-boas/658160
Yellow Phased Amazon Bastion,Tree Boa,$400,/us/c/reptiles/boas/tree-boas/986766
Amazon Basin Emerald,Tree Boa,"$3,500",/us/c/reptiles/boas/tree-boas/1425817
Adult Amazon Basin Emerald,Tree Boa,"$13,000",/us/c/reptiles/boas/tree-boas/1235760
Amazon Basin Emerald,Tree Boa,"$3,250",/us/c/reptiles/boas/tree-boas/1425242
Dominican Red Mountain Boa,Hispaniolan boa,$700,/us/c/reptiles/boas/hispaniolan-boa/1422310
Green,Anaconda,$950,/us/c/reptiles/boas/anacondas/1380751
Green,Anaconda,$950,/us/c/reptiles/boas/anacondas/1380747
Green,Anaconda,"$1,000",/us/c/reptiles/boas/anacondas/1380711
High Yellow,Anaconda,$695,/us/c/reptiles/boas/anacondas/1304685
Dominican Red Mountain Boa,Hispaniolan boa,$560,/us/c/reptiles/boas/hispaniolan-boa/1420704
Emerald,Tree Boa,$350,/us/c/reptiles/boas/tree-boas/1419569
Pair Of Light Colored San Matias (Breeding Now),Rosy Boa,$800,/us/c/reptiles/boas/rosy-boas/943377
Red Calico Amazon - USCBB 2017,Tree Boa,"$1,350",/us/c/reptiles/boas/tree-boas/391376
1.0 Yellow,Anaconda,$800,/us/c/reptiles/boas/anacondas/769592
USCBB Tiger Amazon,Tree Boa,$600,/us/c/reptiles/boas/tree-boas/941553
San Matias - Bright Color!,Rosy Boa,$225,/us/c/reptiles/boas/rosy-boas/1271281
San Matias - Bright Color!,Rosy Boa,$200,/us/c/reptiles/boas/rosy-boas/1271274
Green,Anaconda,"$2,500",/us/c/reptiles/boas/anacondas/1341095
CBB Solomon Island,Ground Boa,$220,/us/c/reptiles/boas/ground-boas/1272125
Dumeril,Ground Boa,$450,/us/c/reptiles/boas/ground-boas/1412869
Male Subadult Albino Coastal/Limburg,Rosy Boa,$200,/us/c/reptiles/boas/rosy-boas/1412264
El Rosario,Rosy Boa,$400,/us/c/reptiles/boas/rosy-boas/969874
High Yellow!!,Anaconda,$800,/us/c/reptiles/boas/anacondas/1337544
CBB Amazon Basin NICE White Stripe,Tree Boa,"$8,500",/us/c/reptiles/boas/tree-boas/604098
Limburg Snow,Rosy Boa,$950,/us/c/reptiles/boas/rosy-boas/1265112
USCBB Solomon Island,Ground Boa,$200,/us/c/reptiles/boas/ground-boas/1305884
Dumerils Boa,Ground Boa,$400,/us/c/reptiles/boas/ground-boas/1113471
US CBB Green ....wow,Anaconda,"$2,500",/us/c/reptiles/boas/anacondas/822350
Female Subadult Coastal,Rosy Boa,$150,/us/c/reptiles/boas/rosy-boas/1399218
Amazon From Calico Litter,Tree Boa,$250,/us/c/reptiles/boas/tree-boas/1394737
CB Amazon,Tree Boa,$200,/us/c/reptiles/boas/tree-boas/1300859
Green,Anaconda,"$1,100",/us/c/reptiles/boas/anacondas/1321066
Viper Boa,Ground Boa,$200,/us/c/reptiles/boas/ground-boas/1387814
CBB Solomon Island (Candoia Paulsoni),Ground Boa,$180,/us/c/reptiles/boas/ground-boas/1227758
Albino Whitewater,Rosy Boa,$300,/us/c/reptiles/boas/rosy-boas/1342972
Tan Viper Boa,Ground Boa,$400,/us/c/reptiles/boas/ground-boas/1373964
Dumeril,Ground Boa,$400,/us/c/reptiles/boas/ground-boas/1269795
CB Baby Indo (C. Carinata),Tree Boa,$100,/us/c/reptiles/boas/tree-boas/1366252
CB Baby Indo (C. Carinata),Tree Boa,$100,/us/c/reptiles/boas/tree-boas/1366247
USCBB Solomon Island,Ground Boa,$200,/us/c/reptiles/boas/ground-boas/1305876
Dominican Red Mountain Boa,Hispaniolan boa,$625,/us/c/reptiles/boas/hispaniolan-boa/1304126
CB 2022 Amazon,Tree Boa,$250,/us/c/reptiles/boas/tree-boas/1252396
CB 2022 Amazon,Tree Boa,$250,/us/c/reptiles/boas/tree-boas/1252341
CB 2022 Amazon,Tree Boa,$250,/us/c/reptiles/boas/tree-boas/1252302
USCBB Solomon Island,Ground Boa,$200,/us/c/reptiles/boas/ground-boas/1305772
Peachy Dumerils Boa,Ground Boa,$485,/us/c/reptiles/boas/ground-boas/1262879
Coastal & Albino Limburg,Rosy Boa,$375,/us/c/reptiles/boas/rosy-boas/1149392
Dumeril's Boa,Ground Boa,$600,/us/c/reptiles/boas/ground-boas/743770
Dumeril's Boa,Ground Boa,$600,/us/c/reptiles/boas/ground-boas/743747
Arizona,Rosy Boa,$350,/us/c/reptiles/boas/rosy-boas/726666
